City_ID,City,Lat,Lng,Max Temp,Humidity,Cloudiness,Wind Speed,Country,Date
0,punta arenas,-53.15,-70.9167,279.21,70,0,9.26,CL,1681952255
1,santa cruz,-17.8,-63.1667,292.85,94,75,2.06,BO,1681952036
2,bambous virieux,-20.3428,57.7575,299.29,83,75,5.14,MU,1681952255
3,san rafael,-34.6177,-68.3301,291.03,37,58,3.28,AR,1681952255
4,springfield,37.2153,-93.2982,296.61,64,100,8.23,US,1681952255
5,cape town,-33.9258,18.4232,289.33,86,75,8.23,ZA,1681952090
6,shingu,33.7333,135.9833,294.27,71,100,2.3,JP,1681952255
7,albany,42.6001,-73.9662,276.83,72,100,4.0,US,1681952255
8,ribeira grande,38.5167,-28.7,285.8,68,97,2.24,PT,1681952255
9,carutapera,-1.195,-46.02,297.65,93,99,1.7,BR,1681952255
10,qaanaaq,77.484,-69.3632,256.32,79,95,3.83,GL,1681952255
11,polunochnoye,60.8697,60.4153,268.14,90,23,1.49,RU,1681952256
12,saint-philippe,-21.3585,55.7679,297.92,84,34,5.36,RE,1681952256
13,nikolskoye,59.7035,30.7861,275.09,98,100,1.64,RU,1681952256
14,hermanus,-34.4187,19.2345,290.26,63,100,5.54,ZA,1681952256
15,mataura,-46.1927,168.8643,289.71,60,75,1.07,NZ,1681952256
16,sao francisco do sul,-26.2433,-48.6381,291.1,82,0,1.03,BR,1681952256
17,kharhial,20.2833,82.7667,303.05,27,5,2.03,IN,1681952256
18,takoradi,4.8845,-1.7554,298.57,86,100,2.46,GH,1681952256
19,kodiak,57.79,-152.4072,279.88,57,100,4.12,US,1681952257
20,plouzane,48.3833,-4.6167,283.25,93,25,4.12,FR,1681952257
21,asfi,32.2994,-9.2372,289.34,88,0,2.55,MA,1681952257
22,yellowknife,62.456,-114.3525,279.44,42,20,3.6,CA,1681952257
23,port alfred,-33.5906,26.891,298.19,46,100,3.49,ZA,1681952054
24,ribeira brava,32.65,-17.0667,291.49,75,90,1.93,PT,1681952257
25,sao filipe,14.8961,-24.4956,296.34,76,100,3.49,CV,1681952257
26,inuvik,68.3499,-133.7218,265.63,70,100,2.57,CA,1681952257
27,atuona,-9.8,-139.0333,300.22,76,45,4.21,PF,1681952257
28,kavaratti,10.5669,72.642,301.88,69,100,2.91,IN,1681952257
29,lebu,-37.6167,-73.65,285.57,95,100,5.9,CL,1681952257
30,port hedland,-20.3167,118.5667,299.18,34,82,10.8,AU,1681952258
31,spirovo,57.419,34.9766,277.1,80,12,1.93,RU,1681952258
32,kangavar,34.5043,47.9653,284.92,48,3,1.4,IR,1681952258
33,esil,51.9556,66.4042,273.15,83,18,3.38,KZ,1681952258
34,puerto ayora,-0.7393,-90.3518,296.79,100,100,3.09,EC,1681952258
35,arraial do cabo,-22.9661,-42.0278,297.11,84,100,4.43,BR,1681952258
36,brasilia,-15.7797,-47.9297,293.66,73,75,2.57,BR,1681952169
37,isangel,-19.55,169.2667,303.21,79,40,2.06,VU,1681952258
38,san ignacio,17.1561,-89.0714,298.98,71,44,3.34,BZ,1681952258
39,ushuaia,-54.8,-68.3,278.96,61,20,6.17,AR,1681951986
40,smirnykh,49.75,142.8333,283.48,51,94,3.76,RU,1681952258
41,new norfolk,-42.7826,147.0587,288.87,82,100,1.34,AU,1681952259
42,georgetown,5.4112,100.3354,299.11,94,40,2.06,MY,1681952259
43,tuatapere,-46.1333,167.6833,289.99,61,98,1.3,NZ,1681952259
44,okhotsk,59.3833,143.3,272.01,72,78,3.22,RU,1681952259
45,bengkulu,-3.8004,102.2655,297.43,90,100,1.58,ID,1681952259
46,bredasdorp,-34.5322,20.0403,289.3,65,100,2.25,ZA,1681952259
47,bhilwara,25.35,74.6333,298.52,38,78,2.99,IN,1681952259
48,yumen,40.2833,97.2,276.9,15,100,7.47,CN,1681952259
49,port elizabeth,-33.918,25.5701,292.31,88,0,2.57,ZA,1681952259
50,mecca,21.4267,39.8261,300.37,43,0,0.72,SA,1681952197
51,hilo,19.7297,-155.09,299.42,79,40,6.69,US,1681952259
52,moroni,-11.7022,43.2551,299.87,82,100,3.64,KM,1681952259
53,te anau,-45.4167,167.7167,290.47,57,100,1.9,NZ,1681952259
54,ust-kut,56.7938,105.7672,266.21,73,100,3.82,RU,1681952260
55,katherine,-14.4667,132.2667,301.33,42,40,6.69,AU,1681952260
56,upernavik,72.7868,-56.1549,260.89,97,100,0.78,GL,1681952260
57,yima,34.7381,111.8839,296.61,59,0,2.12,CN,1681952260
58,victoria,22.2855,114.1577,299.79,95,85,1.79,HK,1681952253
59,paamiut,61.994,-49.6678,273.41,87,81,0.17,GL,1681952260
60,palmer,42.1584,-72.3287,280.38,59,75,5.66,US,1681952260
61,dikson,73.5069,80.5464,258.38,95,100,5.02,RU,1681952260
62,malmesbury,-33.4608,18.7271,288.03,74,100,5.17,ZA,1681952260
63,la palma,33.8464,-118.0467,295.88,45,20,6.17,US,1681952260
64,sobolevo,54.4299,31.8996,279.71,70,27,4.89,RU,1681952260
65,bowen,-20.0167,148.2333,300.88,59,37,6.38,AU,1681952260
66,carnarvon,-24.8667,113.6333,297.96,41,43,8.16,AU,1681952260
67,vardo,70.3705,31.1107,275.14,93,100,0.0,NO,1681952261
68,mahebourg,-20.4081,57.7,299.31,83,75,5.14,MU,1681952114
69,moroto,2.5345,34.6666,292.88,76,99,1.39,UG,1681952261
70,cabedelo,-6.9811,-34.8339,300.52,83,91,4.14,BR,1681952261
71,butaritari,3.0707,172.7902,301.58,75,16,5.98,KI,1681952261
72,mitsamiouli,-11.3847,43.2844,300.54,77,97,3.77,KM,1681952261
73,kharitonovo,61.4009,47.4978,271.14,98,100,1.34,RU,1681952261
74,koumac,-20.5667,164.2833,300.27,66,0,2.7,NC,1681952261
75,port-gentil,-0.7193,8.7815,300.47,83,100,5.12,GA,1681952261
76,mezhova,48.2532,36.7347,281.08,95,92,2.89,UA,1681952233
77,kavieng,-2.5744,150.7967,301.66,69,23,0.61,PG,1681952261
78,saint george,37.1041,-113.5841,290.61,14,20,4.47,US,1681952261
79,puurmani,58.5738,26.2878,276.63,83,17,2.08,EE,1681952261
80,verkhoyansk,67.5447,133.385,261.97,83,99,2.31,RU,1681952262
81,ilulissat,69.2167,-51.1,258.62,97,95,1.87,GL,1681952262
82,eirunepe,-6.6603,-69.8736,297.33,97,100,0.87,BR,1681952262
83,tahoua,14.8888,5.2692,302.49,10,28,4.23,NE,1681952262
84,khatanga,71.9667,102.5,255.46,98,100,0.17,RU,1681952262
85,vaini,-21.2,-175.2,299.24,89,75,8.75,TO,1681952262
86,pevek,69.7008,170.3133,273.58,77,100,4.52,RU,1681952262
87,tornio,65.8481,24.1466,274.16,100,100,1.53,FI,1681952262
88,mount gambier,-37.8333,140.7667,289.48,70,100,3.47,AU,1681952262
89,chuy,-33.6971,-53.4616,287.56,69,98,5.29,UY,1681952262
90,ilheus,-14.7889,-39.0494,301.05,89,40,2.06,BR,1681952263
91,nago,26.5881,127.9761,298.62,82,100,6.85,JP,1681952263
92,vanimo,-2.6741,141.3028,298.42,94,100,3.25,PG,1681952263
93,rikitea,-23.1203,-134.9692,298.46,72,100,2.61,PF,1681952263
94,pudozh,61.8099,36.5345,271.37,96,100,1.43,RU,1681952263
95,airai,-8.9266,125.4092,292.27,75,39,1.34,TL,1681952263
96,youghal,51.95,-7.8506,282.71,85,93,8.78,IE,1681952263
97,provideniya,64.3833,-173.3,270.21,80,40,3.13,RU,1681952263
98,broome,42.2506,-75.833,281.36,53,0,3.6,US,1681952263
99,port-cartier,50.0334,-66.8654,274.68,98,100,1.35,CA,1681952263
100,council bluffs,41.2619,-95.8608,295.76,73,75,9.77,US,1681952263
101,cockburn town,21.4612,-71.1419,299.27,78,0,6.72,TC,1681952263
102,port hawkesbury,45.6169,-61.3485,279.59,91,0,4.12,CA,1681952263
103,inhambane,-23.865,35.3833,292.67,84,0,2.47,MZ,1681952263
104,college,64.8569,-147.8028,277.12,41,20,0.0,US,1681952263
105,srednekolymsk,67.45,153.6833,267.84,94,100,6.21,RU,1681952264
106,abeche,13.8292,20.8324,301.8,13,0,2.57,TD,1681952264
107,busselton,-33.65,115.3333,290.69,49,0,3.87,AU,1681952264
108,cidreira,-30.1811,-50.2056,288.44,65,61,7.4,BR,1681952264
109,tasiilaq,65.6145,-37.6368,274.98,98,100,1.64,GL,1681952264
110,la ronge,55.1001,-105.2842,276.29,32,75,7.2,CA,1681952264
111,touros,-5.1989,-35.4608,299.48,83,69,4.33,BR,1681952264
112,sinnamary,5.3833,-52.95,297.81,91,77,4.3,GF,1681952264
113,taoudenni,22.6783,-3.9836,301.86,18,100,4.88,ML,1681952264
114,matayumtayum,15.5166,120.7098,303.9,63,29,2.57,PH,1681952265
115,bandarbeyla,9.4942,50.8122,300.1,73,25,2.51,SO,1681952265
116,jamestown,42.097,-79.2353,279.95,61,0,4.12,US,1681952265
117,waipawa,-41.4122,175.5153,291.49,83,95,3.61,NZ,1681952265
118,misratah,32.3754,15.0925,291.78,64,96,8.74,LY,1681952265
119,lorengau,-2.0226,147.2712,301.64,75,93,2.92,PG,1681952265
120,havre-saint-pierre,50.2334,-63.5986,275.35,100,75,3.09,CA,1681952265
121,manaure,11.7751,-72.4445,299.46,73,5,9.3,CO,1681952265
122,kodinsk,58.6881,99.1844,267.03,85,100,3.8,RU,1681952265
123,toora-khem,52.4675,96.11,265.78,68,99,0.92,RU,1681952265
124,lerwick,60.1545,-1.1494,280.15,83,15,3.34,GB,1681952265
125,caravelas,-17.7125,-39.2481,300.16,81,98,3.26,BR,1681952265
126,marsh harbour,26.5412,-77.0636,296.63,75,100,9.07,BS,1681952266
127,pangnirtung,66.1451,-65.7125,261.93,77,100,2.66,CA,1681952266
128,zaysan,47.4667,84.8667,271.29,74,95,1.94,KZ,1681952266
129,sechura,-5.5569,-80.8222,301.19,64,98,6.27,PE,1681952266
130,vao,-22.6667,167.4833,297.86,78,96,2.94,NC,1681952266
131,hailar,49.2,119.7,272.49,31,98,14.88,CN,1681952266
132,ascension,30.2169,-90.9001,299.27,57,0,1.54,US,1681952266
133,codrington,-38.2667,141.9667,289.22,72,92,4.65,AU,1681952266
134,castro,-24.7911,-50.0119,285.08,79,20,3.9,BR,1681952266
135,oranjemund,-28.55,16.4333,287.5,89,99,2.35,NA,1681952266
136,hithadhoo,-0.6,73.0833,301.63,71,100,2.38,MV,1681952266
137,atar,20.5169,-13.0499,297.82,22,94,1.36,MR,1681952267
138,hebi,35.8992,114.1925,296.14,48,0,9.05,CN,1681952267
139,serra talhada,-7.9919,-38.2983,296.44,81,100,1.54,BR,1681952267
140,bonthe,7.5264,-12.505,300.63,83,76,2.14,SL,1681952267
141,kahului,20.8947,-156.47,298.88,95,100,6.17,US,1681952267
142,lavrentiya,65.5833,-171.0,271.31,84,100,2.49,RU,1681952267
143,kunzell,50.5442,9.7179,277.62,81,100,1.79,DE,1681952267
144,beckley,37.7782,-81.1882,295.38,26,0,2.06,US,1681952150
145,san patricio,28.017,-97.5169,298.45,82,27,5.92,US,1681952268
146,mount isa,-20.7333,139.5,300.02,28,0,6.69,AU,1681952268
147,longyearbyen,78.2186,15.6401,262.06,79,20,2.06,SJ,1681952268
148,torbay,47.6666,-52.7314,274.97,95,100,7.72,CA,1681952268
149,coquimbo,-29.9533,-71.3436,288.0,82,0,3.09,CL,1681952103
150,kangaatsiaq,68.3065,-53.4641,263.64,79,44,1.1,GL,1681952268
151,mar del plata,-38.0023,-57.5575,285.34,75,40,2.06,AR,1681952268
152,ancud,-41.8697,-73.8203,285.34,97,96,1.21,CL,1681952268
153,bagan,54.1001,77.6646,270.86,39,13,3.08,RU,1681952268
154,norman wells,65.282,-126.8329,271.17,64,20,5.14,CA,1681952268
155,hami,42.8,93.45,281.52,14,48,1.82,CN,1681952268
156,concordia,-31.393,-58.0209,288.03,61,0,1.34,AR,1681952268
157,roebourne,-20.7833,117.1333,299.05,30,0,11.23,AU,1681952268
158,luderitz,-26.6481,15.1594,288.25,82,49,3.42,NA,1681952268
159,bluff,-46.6,168.3333,287.35,74,100,2.77,NZ,1681952268
160,leningradskiy,69.3833,178.4167,274.68,92,100,1.99,RU,1681952269
161,xingcheng,40.6167,120.7167,282.27,61,100,8.71,CN,1681952269
162,lanas,12.0495,121.9185,301.34,77,0,3.66,PH,1681952269
163,tashla,51.7716,52.7427,279.91,55,100,2.53,RU,1681952269
164,dingle,10.9995,122.6711,303.58,62,5,2.16,PH,1681952269
165,avarua,-21.2078,-159.775,299.18,89,75,6.69,CK,1681952269
166,nishihara,26.1842,127.7558,298.18,94,100,6.17,JP,1681952269
167,ambilobe,-13.2,49.05,295.34,92,94,1.25,MG,1681952269
168,voh,-20.9667,164.7,301.49,62,0,2.02,NC,1681952269
169,yen bai,21.7,104.8667,299.55,89,98,0.89,VN,1681952269
170,flin flon,54.7682,-101.865,271.28,90,100,5.1,CA,1681952269
171,bathsheba,13.2167,-59.5167,299.49,78,40,5.14,BB,1681952269
172,saskylakh,71.9167,114.0833,255.4,98,98,2.13,RU,1681952270
173,uruzgan,32.8333,66.0,282.9,62,0,2.37,AF,1681952270
174,cassilandia,-19.1133,-51.7342,293.08,83,100,1.78,BR,1681952270
175,tuktoyaktuk,69.4541,-133.0374,267.15,86,100,3.09,CA,1681952270
176,kanina,-10.7341,25.4699,287.84,95,13,3.22,CD,1681952270
177,cartagena,10.3997,-75.5144,300.94,74,0,3.09,CO,1681952115
178,east london,-33.0153,27.9116,300.85,27,94,5.42,ZA,1681952270
179,port blair,11.6667,92.75,301.94,69,49,3.11,IN,1681952270
180,kungurtug,50.5994,97.5228,266.37,72,95,0.65,RU,1681952270
181,bouna,9.2667,-3.0,299.79,58,100,1.21,CI,1681952270
182,bethel,41.3712,-73.414,284.2,62,0,1.54,US,1681952186
183,thompson,55.7435,-97.8558,273.24,51,75,5.66,CA,1681952270
184,uri,34.0833,74.0333,283.73,94,64,2.43,IN,1681952270
185,yining,29.0361,114.5636,297.38,79,0,0.96,CN,1681952271
186,sinjai,-5.1241,120.253,301.18,80,54,0.35,ID,1681952271
187,hirara,24.8,125.2833,299.3,89,75,10.8,JP,1681952271
188,progreso,21.2833,-89.6667,298.11,75,5,8.52,MX,1681952122
189,melilla,35.2937,-2.9383,290.36,82,75,2.57,ES,1681952271
190,barrow,71.2906,-156.7887,265.16,73,100,3.6,US,1681952271
191,gondanglegi,-7.7479,112.0132,300.65,80,76,4.46,ID,1681952271
192,kjopsvik,68.097,16.3742,278.08,99,100,2.51,NO,1681952271
193,pisco,-13.7,-76.2167,294.27,88,0,6.69,PE,1681952077
194,kapaa,22.0752,-159.319,301.03,63,40,7.2,US,1681952271
195,christchurch,-43.5333,172.6333,290.9,78,75,6.17,NZ,1681952250
196,penalva,-3.2942,-45.1736,296.58,97,100,0.75,BR,1681952271
197,sturgis,41.7992,-85.4192,290.96,41,0,6.17,US,1681952271
198,solnechnyy,50.7214,136.6319,275.46,94,100,1.64,RU,1681952271
199,mackenzie,55.2999,-123.1698,278.27,75,100,3.09,CA,1681952272
200,yulara,-25.2406,130.9889,291.15,44,0,9.19,AU,1681952272
201,klaksvik,62.2266,-6.589,279.66,80,6,4.8,FO,1681952272
202,swan river,52.1058,-101.2676,270.09,93,100,7.2,CA,1681952272
203,gat,31.61,34.7642,293.05,100,64,3.42,IL,1681952272
204,camana,-16.6228,-72.7111,294.36,77,52,1.44,PE,1681952272
205,mazarron,37.5992,-1.3149,289.7,70,100,2.34,ES,1681952272
206,hamilton,39.1834,-84.5333,297.12,42,0,4.12,US,1681952085
207,terrace,54.5163,-128.6035,288.1,28,75,3.6,CA,1681952162
208,kouango,4.9934,19.9619,297.46,72,100,0.15,CF,1681952272
209,buala,-8.145,159.5921,301.77,69,51,1.09,SB,1681952273
210,cayenne,4.9333,-52.3333,297.17,100,100,0.0,GF,1681952027
211,san juan,-31.5375,-68.5364,292.55,27,3,1.25,AR,1681952184
212,nanortalik,60.1432,-45.2371,272.96,93,45,2.31,GL,1681952273
213,vostok,46.4856,135.8833,277.49,93,100,2.93,RU,1681952273
214,hobart,-42.8794,147.3294,289.07,76,75,4.63,AU,1681952179
215,erenhot,43.6475,111.9767,278.38,18,84,1.14,CN,1681952273
216,verkhnevilyuysk,63.4453,120.3167,269.59,90,47,3.31,RU,1681952273
217,taltal,-25.4,-70.4833,291.45,81,11,0.94,CL,1681952273
218,faya,18.3851,42.4509,289.21,66,0,1.55,SA,1681952273
219,roma,43.2128,-75.4557,276.38,73,0,3.09,US,1681952273
220,lagoa,39.05,-27.9833,286.25,62,20,11.99,PT,1681952273
221,kikwit,-5.041,18.8162,295.93,92,90,1.31,CD,1681952273
222,mangan,27.5167,88.5333,296.41,40,5,1.98,IN,1681952273
223,lompoc,34.6391,-120.4579,294.7,67,20,10.8,US,1681952273
224,saint-joseph,-21.3667,55.6167,297.36,82,19,5.25,RE,1681952274
225,fortuna,40.5982,-124.1573,286.44,62,19,1.34,US,1681952274
226,hasaki,35.7333,140.8333,294.42,84,100,1.54,JP,1681952274
227,komsomolskiy,40.4272,71.7189,279.55,70,100,3.09,UZ,1681952274
228,nioro,13.35,-15.75,300.8,31,100,5.09,GM,1681952274
229,cherskiy,68.75,161.3,273.71,100,100,2.0,RU,1681952274
230,longview,32.5007,-94.7405,300.29,44,20,5.66,US,1681952232
231,cabo san lucas,22.8909,-109.9124,300.32,55,40,3.09,MX,1681951975
232,saint-augustin,51.226,-58.6502,274.45,97,100,3.64,CA,1681952274
233,maroantsetra,-15.4333,49.7333,297.5,89,67,1.47,MG,1681952274
234,yar-sale,66.8333,70.8333,258.42,96,39,2.57,RU,1681952274
235,muisne,0.6,-80.0333,299.68,84,100,2.07,EC,1681952275
236,luleburgaz,41.4039,27.3592,280.85,93,21,1.47,TR,1681952275
237,weihai,37.5017,122.1136,285.25,87,100,3.93,CN,1681952275
238,korablino,53.9164,40.0133,281.16,58,98,2.35,RU,1681952275
239,mayo,38.8876,-76.5119,291.7,71,0,2.06,US,1681952275
240,chokurdakh,70.6333,147.9167,258.65,92,71,1.86,RU,1681952275
241,wajima,37.4,136.9,293.53,82,75,4.12,JP,1681952275
242,iquique,-20.2208,-70.1431,293.17,81,76,0.72,CL,1681952108
243,oktyabrskoye,43.0645,44.7417,284.44,75,100,0.89,RU,1681952275
244,ostrovnoy,68.0531,39.5131,275.53,92,100,7.44,RU,1681952275
245,saldanha,-33.0117,17.9442,287.18,93,100,8.24,ZA,1681952275
246,kapit,2.0167,112.9333,301.21,78,57,0.04,MY,1681952276
247,necochea,-38.5473,-58.7368,284.6,74,0,2.51,AR,1681952276
248,ploemeur,47.7333,-3.4333,286.94,81,0,4.63,FR,1681952276
249,slatina-timis,45.25,22.2833,281.09,93,87,1.05,RO,1681952276
250,grindavik,63.8424,-22.4338,281.12,100,75,9.77,IS,1681952276
251,meadow lake,34.8014,-106.5436,294.53,7,1,11.52,US,1681952276
252,katsuura,35.1333,140.3,293.16,80,100,2.88,JP,1681952276
253,kristiinankaupunki,62.2743,21.376,273.2,92,22,2.28,FI,1681952276
254,shikarpur,27.9571,68.6379,295.09,20,0,1.53,PK,1681952263
255,wanning,18.8003,110.3967,301.72,77,7,5.66,CN,1681952276
256,qaqortoq,60.7167,-46.0333,272.73,92,69,0.82,GL,1681952276
257,narsaq,60.9167,-46.05,271.99,92,81,1.29,GL,1681952276
258,dunmore east,52.1514,-6.9861,283.89,71,84,8.69,IE,1681952276
259,kilimatinde,-5.85,34.95,290.33,93,29,0.56,TZ,1681952277
260,hovd,48.0056,91.6419,271.84,26,0,4.04,MN,1681952277
261,kaeo,-35.1,173.7833,295.0,96,100,5.11,NZ,1681952277
262,billings,45.7833,-108.5007,276.77,84,100,9.77,US,1681952277
263,samarai,-10.6167,150.6667,301.16,73,35,3.73,PG,1681952277
264,barkhan,29.8977,69.5256,290.9,32,0,1.92,PK,1681952277
265,kandrian,-6.2167,149.55,302.94,70,62,4.4,PG,1681952277
266,tselina,46.5338,41.0328,281.84,68,100,5.72,RU,1681952277
267,avera,33.194,-82.5271,294.21,54,0,2.35,US,1681952277
268,kyra,49.5776,111.9753,266.59,24,0,10.47,RU,1681952277
269,ibra,22.6906,58.5334,297.02,64,26,1.2,OM,1681952277
270,ponta delgada,37.7333,-25.6667,286.55,88,75,3.09,PT,1681952277
271,tavricheskoye,54.5851,73.6395,267.1,35,26,2.12,RU,1681952278
272,sovetskiy,61.3614,63.5842,268.43,90,61,2.04,RU,1681952278
273,wattegama,6.7989,81.4808,297.63,89,21,1.18,LK,1681952278
274,koutiala,12.3917,-5.4642,304.86,12,86,2.33,ML,1681952278
275,egvekinot,66.3167,-179.1667,267.68,89,86,2.1,RU,1681952278
276,naze,28.3667,129.4833,294.66,96,100,2.81,JP,1681952278
277,adrar,20.5022,-10.0711,299.12,21,100,2.87,MR,1681952278
278,marsa matruh,31.3525,27.2453,289.26,67,40,3.09,EG,1681952278
279,rio brilhante,-21.8019,-54.5464,289.72,80,2,1.76,BR,1681952278
280,petropavlovsk-kamchatskiy,53.0452,158.6483,279.48,49,75,7.0,RU,1681952278
281,malmyzh,56.5205,50.6818,277.16,91,4,1.91,RU,1681952279
282,puteyets,65.1716,57.091,272.41,91,100,3.28,RU,1681952279
283,sisimiut,66.9395,-53.6735,264.57,85,85,3.81,GL,1681952240
284,general roca,-39.0333,-67.5833,294.05,42,15,3.44,AR,1681952279
285,bahawalnagar,30.5508,73.3908,294.86,62,4,2.36,PK,1681952279
286,dorado,18.4588,-66.2677,299.8,80,0,3.84,PR,1681952279
287,midland,31.9974,-102.0779,305.52,8,0,9.26,US,1681952213
288,severo-kurilsk,50.6789,156.125,273.82,98,84,5.93,RU,1681952038
289,capitao poco,-1.7464,-47.0594,296.39,97,100,1.79,BR,1681952279
290,ponta do sol,32.6667,-17.1,291.49,73,88,1.37,PT,1681952279
291,bahia blanca,-38.7196,-62.2724,289.72,60,0,2.24,AR,1681952279
292,rocha,-34.4833,-54.3333,287.54,61,100,5.3,UY,1681952279
293,umm qays,32.6535,35.6854,291.05,47,100,1.37,JO,1681952279
294,sehithwa,-20.4667,22.7167,291.47,23,0,3.39,BW,1681952280
295,yangambi,0.8102,24.4336,295.46,84,100,0.29,CD,1681952280
296,mattru,7.6244,-11.8332,299.43,84,61,1.14,SL,1681952280
297,leshukonskoye,64.8989,45.7622,273.71,99,100,2.98,RU,1681952280
298,salalah,17.0151,54.0924,300.2,74,20,1.03,OM,1681952088
299,camocim,-2.9022,-40.8411,298.44,87,100,1.68,BR,1681952280
300,la macarena,2.1837,-73.7849,296.93,92,100,1.12,CO,1681952280
301,tavda,58.0425,65.2726,271.86,63,10,2.1,RU,1681952280
302,jiaojiang,28.6803,121.4428,295.37,85,100,4.62,CN,1681952280
303,olga,43.7444,135.2892,281.17,75,100,1.73,RU,1681952280
304,yatou,37.15,122.3833,290.55,71,50,2.34,CN,1681952281
305,koupela,12.1794,-0.3517,306.3,31,84,1.69,BF,1681952281
306,zeya,53.75,127.2667,272.12,66,100,4.02,RU,1681952281
307,drumheller,51.4617,-112.7101,277.78,52,100,3.6,CA,1681952281
308,thinadhoo,0.5333,72.9333,301.0,75,100,2.05,MV,1681952281
309,oriximina,-1.7656,-55.8661,297.52,90,99,1.36,BR,1681952281
310,chara,56.9064,118.2631,267.93,59,100,1.78,RU,1681952281
311,la cumbre,-30.982,-64.4914,285.47,69,1,1.4,AR,1681952281
312,ulaangom,49.9811,92.0667,271.69,29,96,2.77,MN,1681952281
313,xambioa,-6.4111,-48.5364,296.48,97,100,0.11,BR,1681952281
314,bud,39.447,-86.1758,299.12,79,88,3.74,US,1681952281
315,tabou,4.423,-7.3528,299.12,87,100,1.59,CI,1681952281
316,puerto rico,-26.796,-55.024,293.02,52,99,0.7,AR,1681952282
317,faanui,-16.4833,-151.75,301.23,78,100,5.79,PF,1681952282
318,erzin,36.9559,36.2,289.24,79,23,2.04,TR,1681952282
319,bacolod,10.6667,122.95,303.29,65,6,1.45,PH,1681952282
320,ampanihy,-24.7,44.75,293.7,96,27,2.0,MG,1681952282
321,estelle,29.8458,-90.1067,296.48,72,20,4.12,US,1681952282
322,hambantota,6.1241,81.1185,299.34,100,40,0.0,LK,1681952282
323,road town,18.4167,-64.6167,299.2,73,40,4.12,VG,1681952282
324,constitucion,-35.3333,-72.4167,286.7,80,10,4.25,CL,1681952282
325,hanna,51.6334,-111.9018,274.18,70,100,5.81,CA,1681952283
326,esperance,-33.8667,121.9,289.35,58,0,5.56,AU,1681952283
327,dhule,20.9,74.7833,302.47,32,99,2.9,IN,1681952283
328,arroyo,41.6096,-4.7969,286.17,57,0,3.6,ES,1681952283
329,porbandar,21.6422,69.6093,299.02,74,64,4.79,IN,1681952283
330,vangaindrano,-23.35,47.6,294.45,94,29,1.84,MG,1681952283
331,kenai,60.5544,-151.2583,281.2,52,0,4.12,US,1681952283
332,daru,-9.0763,143.2092,301.86,72,26,3.41,PG,1681952283
333,saint anthony,45.0205,-93.218,279.09,79,100,7.2,US,1681952284
334,kagal,16.5833,74.3167,297.69,66,0,2.29,IN,1681952284
335,tiquisate,14.2833,-91.3667,301.58,67,70,2.58,GT,1681952284
336,moctezuma,29.8,-109.6667,299.98,13,4,6.45,MX,1681952284
337,iqaluit,63.7506,-68.5145,267.0,85,100,2.06,CA,1681952284
338,brae,60.3964,-1.353,280.8,83,15,2.18,GB,1681952284
339,marathon,44.9,-89.7668,275.01,88,100,6.17,US,1681952284
340,cabatuan,10.8794,122.486,303.58,62,6,2.47,PH,1681952284
341,filingue,14.3521,3.3168,304.66,13,100,4.03,NE,1681952284
342,porto nacional,-10.7081,-48.4172,299.15,91,100,0.97,BR,1681952285
343,acopiara,-6.0953,-39.4525,296.28,79,99,0.69,BR,1681952285
344,kendari,-3.945,122.4989,300.21,86,90,0.64,ID,1681952285
345,binga,-17.6203,27.3414,293.76,72,0,1.71,ZW,1681952285
346,hobyo,5.3505,48.5268,301.04,71,73,2.45,SO,1681952285
347,sawakin,19.1059,37.3321,298.13,70,0,2.91,SD,1681952285
348,gaimersheim,48.807,11.368,277.33,86,75,1.03,DE,1681952285
349,mahanoro,-19.9,48.8,295.94,92,12,2.27,MG,1681952285
350,radhanpur,23.8333,71.6,298.84,62,98,4.08,IN,1681952286
351,maceio,-9.6658,-35.7353,298.84,94,0,3.09,BR,1681952226
352,invermere,50.5167,-116.0354,281.68,41,100,1.54,CA,1681952204
353,deputatskiy,69.3,139.9,257.29,93,95,1.6,RU,1681952286
354,mkushi,-13.6202,29.3939,288.61,98,14,2.1,ZM,1681952286
355,mandera,3.9366,41.867,300.61,68,10,3.67,KE,1681952286
356,fairview,40.8126,-73.999,287.79,54,0,0.89,US,1681952286
357,fare,-16.7,-151.0167,301.29,78,100,5.71,PF,1681952286
358,henties bay,-22.116,14.2845,290.82,80,34,3.21,NA,1681952286
359,purna,19.1833,77.05,303.46,30,37,2.3,IN,1681952286
360,port lincoln,-34.7333,135.8667,290.09,55,88,2.88,AU,1681952286
361,itamaraju,-17.0392,-39.5311,297.6,85,54,1.02,BR,1681952286
362,fairbanks,64.8378,-147.7164,277.13,41,20,0.0,US,1681952102
363,launceston,-41.45,147.1667,289.05,75,100,7.72,AU,1681952287
364,karratha,-20.7377,116.8463,299.04,30,0,10.8,AU,1681952287
365,jaisalmer,26.9147,70.9181,298.52,31,28,4.17,IN,1681952287
366,bodden town,19.2833,-81.25,300.89,86,20,2.57,KY,1681952287
367,hvide sande,56.0045,8.1294,278.2,65,0,6.9,DK,1681952287
368,coihaique,-45.5752,-72.0662,286.12,76,40,2.06,CL,1681952105
369,foz do iguacu,-25.5478,-54.5881,290.66,82,0,1.54,BR,1681952287
370,xuanhua,40.6103,115.0447,285.47,23,100,5.28,CN,1681952287
371,yerbogachen,61.2767,108.0108,266.01,86,76,2.97,RU,1681952288
372,ayan,56.45,138.1667,273.64,62,0,1.23,RU,1681952288
373,urziceni,44.7167,26.6333,283.37,87,100,1.18,RO,1681952288
374,shushenskoye,53.325,91.9356,270.57,54,100,7.36,RU,1681952288
375,ahipara,-35.1667,173.1667,295.56,71,100,5.93,NZ,1681952288
376,sao gabriel da cachoeira,-0.1303,-67.0892,299.29,77,86,1.05,BR,1681952288
377,san francisco,37.7749,-122.4194,291.77,57,20,9.77,US,1681951909
378,san cristobal,7.7669,-72.225,294.25,90,82,0.5,VE,1681952288
379,abu kamal,34.4506,40.9171,293.74,60,89,4.31,SY,1681952288
380,edson,53.5835,-116.4356,283.23,37,0,5.14,CA,1681952288
381,bani walid,31.7566,13.9942,293.79,25,94,4.54,LY,1681952289
382,rudbar,30.15,62.6,287.7,19,0,3.28,AF,1681952289
383,kaitangata,-46.2817,169.8464,288.86,65,32,0.66,NZ,1681952289
384,khasan,42.4308,130.6434,287.52,57,97,9.1,RU,1681952289
385,svetlogorsk,52.6333,29.7333,279.61,77,86,3.48,BY,1681952289
386,skagen,57.7209,10.5839,281.0,72,1,5.19,DK,1681952289
387,grevesmuhlen,53.8667,11.1833,280.81,68,100,8.27,DE,1681952289
388,aklavik,68.2191,-135.0107,264.92,86,100,3.83,CA,1681952289
389,port hardy,50.6996,-127.4199,280.25,93,100,6.69,CA,1681952289
390,nong bua,15.8646,100.5858,305.31,58,2,3.49,TH,1681952290
391,eilenburg,51.4598,12.6334,278.22,97,100,2.42,DE,1681952290
392,mahmudia,45.0833,29.0833,283.26,94,100,4.24,RO,1681952290
393,lahij,13.1667,44.5833,297.99,68,33,2.39,YE,1681952290
394,newport,51.5877,-2.9984,281.21,71,100,7.31,GB,1681952290
395,tual,-5.6667,132.75,301.49,72,38,4.2,ID,1681952290
396,hastings,50.8552,0.5729,282.55,45,4,9.33,GB,1681952290
397,basco,20.4487,121.9702,299.83,85,0,7.14,PH,1681952290
398,ismailia,30.6043,32.2723,290.07,73,19,4.59,EG,1681952290
399,husavik,66.0449,-17.3389,279.77,87,66,3.41,IS,1681952290
400,nelson bay,-32.7167,152.15,292.59,98,100,3.13,AU,1681952290
401,green river,41.5286,-109.4662,274.37,34,5,5.36,US,1681952291
402,vila franca do campo,37.7167,-25.4333,286.38,79,100,4.78,PT,1681952024
403,tchollire,8.4022,14.1698,300.18,57,80,2.43,CM,1681952291
404,alihe,50.5667,123.7167,273.47,83,100,3.42,CN,1681952291
405,barao de melgaco,-16.1944,-55.9675,295.83,94,100,1.65,BR,1681952291
406,hwange,-18.3693,26.5019,291.51,65,0,1.81,ZW,1681952214
407,eyl,7.9803,49.8164,300.21,73,100,3.32,SO,1681952291
408,kutum,14.2,24.6667,296.23,12,0,1.86,SD,1681952291
409,huarmey,-10.0681,-78.1522,297.98,81,20,3.81,PE,1681952291
410,asheboro,35.7079,-79.8136,294.84,46,0,0.0,US,1681951999
411,kargasok,59.0556,80.8572,268.22,95,100,2.78,RU,1681952291
412,rawson,-43.3002,-65.1023,293.01,51,14,5.01,AR,1681952292
413,kotelnikovo,47.6317,43.1461,281.57,51,100,5.79,RU,1681952292
414,kasongo,-4.45,26.6667,293.42,98,28,1.57,CD,1681952292
415,chongwe,-15.3292,28.682,288.13,94,7,1.53,ZM,1681952292
416,eydhafushi,5.1033,73.0708,301.35,74,90,1.54,MV,1681952292
417,dunedin,-45.8742,170.5036,286.37,83,70,0.89,NZ,1681952165
418,north vanlaiphai,23.1333,93.0667,294.0,52,0,0.52,IN,1681952292
419,santa rosalia,27.3167,-112.2833,295.55,31,16,0.47,MX,1681952292
420,ukiah,39.1502,-123.2078,289.09,48,0,5.14,US,1681952292
421,kaka,37.3482,59.6143,283.13,21,0,2.23,TM,1681952293
422,katangli,51.7102,143.2326,274.26,91,96,1.64,RU,1681952293
423,alta gracia,-31.6529,-64.4283,290.86,60,6,2.03,AR,1681952293
424,encheng,22.1839,112.3026,300.35,72,96,1.55,CN,1681952293
425,barraute,48.4335,-77.6328,270.3,85,100,3.08,CA,1681952293
426,soure,-0.7167,-48.5233,298.15,88,100,2.33,BR,1681952293
427,chumikan,54.7183,135.315,272.69,64,78,3.07,RU,1681952293
428,gaoual,11.75,-13.2,301.75,54,39,2.66,GN,1681952293
429,stokmarknes,68.5646,14.9108,281.14,87,100,6.69,NO,1681952293
430,xichang,27.8964,102.2634,292.79,70,5,1.12,CN,1681952293
431,trat,12.5,102.5,302.81,74,100,2.5,TH,1681952293
432,hayrabolu,41.2131,27.1069,281.19,93,28,1.1,TR,1681952117
433,boissevain,49.2306,-100.0559,272.95,98,100,6.76,CA,1681952293
434,hualmay,-11.0964,-77.6139,296.69,82,77,4.73,PE,1681952294
435,souillac,-20.5167,57.5167,299.36,83,75,5.14,MU,1681952294
436,kilindoni,-7.9139,39.6668,299.2,85,100,6.34,TZ,1681952294
437,da nang,16.0678,108.2208,304.14,70,0,1.54,VN,1681952176
438,nouadhibou,20.931,-17.0347,293.14,83,100,7.2,MR,1681952294
439,balaipungut,1.05,101.2833,298.69,92,90,0.3,ID,1681952294
440,grand gaube,-20.0064,57.6608,299.37,78,15,2.68,MU,1681952294
441,pacific grove,36.6177,-121.9166,290.76,67,0,5.81,US,1681952294
442,wadi musa,30.3222,35.4793,294.39,27,100,2.96,JO,1681952294
443,obala,4.1667,11.5333,294.88,99,100,0.89,CM,1681952294
444,lata,40.1629,-8.3327,285.88,93,6,0.89,PT,1681952294
445,sibut,5.718,19.0739,297.7,67,97,1.08,CF,1681952294
446,gizo,-8.103,156.8419,301.39,64,13,1.32,SB,1681952295
447,rio negro,-26.1058,-49.7975,283.91,83,23,2.09,BR,1681952295
448,prince rupert,54.3161,-130.3201,280.98,85,100,5.14,CA,1681952295
449,neryungri,56.6709,124.6491,267.71,84,100,5.62,RU,1681952295
450,atocha,-20.9333,-66.2333,281.26,39,0,2.59,BO,1681952295
451,kokkola,63.8385,23.1307,275.95,85,0,2.57,FI,1681952295
452,cruzeiro do sul,-29.5128,-51.9853,286.77,79,11,2.25,BR,1681952295
453,tiksi,71.6872,128.8694,253.53,99,100,2.18,RU,1681952295
454,chimoio,-19.1164,33.4833,287.87,96,0,0.84,MZ,1681952295
455,moree,-29.4667,149.85,297.52,36,100,4.18,AU,1681952296
456,khash,28.2211,61.2158,288.06,24,11,1.18,IR,1681952296
457,geraldton,-28.7667,114.6,295.38,33,0,8.23,AU,1681952296
458,mehamn,71.0357,27.8492,277.12,81,100,5.66,NO,1681952296
459,monroe,43.1501,-77.6831,279.24,72,95,0.62,US,1681952055
460,sakakah,29.9697,40.2064,296.91,30,100,2.66,SA,1681952296
461,swiecie,53.4095,18.4474,282.32,85,97,2.24,PL,1681952296
462,corner brook,48.9667,-57.9484,276.24,94,83,2.22,CA,1681952092
463,cascais,38.6979,-9.4215,288.85,78,0,7.15,PT,1681952296
464,kudahuvadhoo,2.6708,72.8944,301.65,71,100,1.2,MV,1681952296
465,dubti,11.7361,41.0853,301.53,57,69,4.57,ET,1681952297
466,vyazniki,56.25,42.1667,279.2,80,62,2.17,RU,1681952297
467,pemberton,50.3164,-122.8027,281.98,68,87,1.92,CA,1681952297
468,muros,42.7762,-9.0603,287.64,82,83,2.49,ES,1681952297
469,yatsuo,36.5667,137.1333,298.83,45,20,3.6,JP,1681952297
470,salinas,36.6777,-121.6555,291.8,57,0,6.17,US,1681952298
471,arrifes,37.7667,-25.7,285.29,88,75,3.09,PT,1681952298
472,acajutla,13.5928,-89.8275,301.09,72,60,1.55,SV,1681952298
473,virginia beach,36.8529,-75.978,290.4,82,0,3.09,US,1681952024
474,adamovka,51.5223,59.9396,277.5,79,82,2.56,RU,1681952298
475,sao joao da barra,-21.6403,-41.0511,298.2,89,100,2.29,BR,1681952298
476,hofn,64.2539,-15.2082,281.49,82,100,2.26,IS,1681952298
477,kailahun,8.2833,-10.5667,296.65,93,100,1.14,SL,1681952298
478,batemans bay,-35.7167,150.1833,289.87,67,100,2.27,AU,1681952298
479,kodinar,20.7903,70.7031,298.93,57,5,5.92,IN,1681952298
480,lantana,26.5867,-80.052,298.16,69,75,5.66,US,1681952299
481,nogliki,51.8333,143.1667,274.56,88,82,1.36,RU,1681952299
482,kedrovyy,56.1667,91.8167,267.52,90,100,4.34,RU,1681952299
483,chateaudun,48.0833,1.3333,283.12,81,9,4.22,FR,1681952299
484,mangrol,21.1167,70.1167,298.6,75,6,5.29,IN,1681952299
485,florianopolis,-27.6146,-48.5012,291.72,46,75,3.6,BR,1681952075
486,gamba,-2.65,10.0,297.79,94,100,1.96,GA,1681952299
487,alice springs,-23.7,133.8833,290.9,55,0,7.2,AU,1681952299
488,maragogi,-9.0122,-35.2225,299.13,85,6,3.64,BR,1681952299
489,galesong,-5.3166,119.3661,302.16,76,26,1.35,ID,1681952299
490,ribeirao preto,-21.1775,-47.8103,295.15,64,0,1.54,BR,1681952300
491,popondetta,-8.7537,148.2534,303.1,66,43,1.38,PG,1681952300
492,namibe,-15.1961,12.1522,298.09,76,97,1.72,AO,1681952300
493,kamaishi,39.2667,141.8833,288.44,49,8,5.38,JP,1681952300
494,viedma,-40.8135,-62.9967,290.17,54,0,3.27,AR,1681952300
495,yeppoon,-23.1333,150.7333,300.03,57,0,6.01,AU,1681952300
496,rockhampton,-23.3833,150.5,300.09,41,0,5.14,AU,1681952300
497,lukovetskiy,64.2956,41.9211,274.22,99,100,2.62,RU,1681952300
498,corralillo,22.9819,-80.5856,294.41,85,100,2.9,CU,1681952300
499,caramay,10.1815,119.236,302.86,68,35,2.43,PH,1681952300
500,quatre cocos,-20.2078,57.7625,299.21,78,11,6.29,MU,1681952300
501,labuhan,-6.8844,112.2051,300.7,79,100,2.39,ID,1681952301
502,waitara,-38.925,174.25,293.15,77,97,1.97,NZ,1681952301
503,lima,-12.0432,-77.0282,296.98,77,0,9.26,PE,1681952301
504,horodnytsya,50.807,27.3168,281.11,87,93,3.2,UA,1681952301
505,beloha,-25.1667,45.05,294.09,97,63,3.43,MG,1681952301
506,umm lajj,25.0213,37.2685,301.38,48,0,1.69,SA,1681952301
507,georgiyevka,43.0369,74.7114,274.17,93,0,2.0,KZ,1681952301
508,bara,10.3744,10.7288,301.42,56,90,4.3,NG,1681952301
509,morant bay,17.8815,-76.4093,300.94,83,3,3.33,JM,1681952302
510,monrovia,6.3005,-10.7969,297.02,90,100,7.16,LR,1681952302
511,moron,-34.6534,-58.6198,288.01,67,0,1.8,AR,1681952302
512,kununurra,-15.7667,128.7333,301.14,36,1,8.75,AU,1681952302
513,sioux lookout,50.1001,-91.917,278.19,28,100,2.57,CA,1681952302
514,marco,25.9726,-81.729,297.05,63,33,7.08,US,1681952122
515,burnie,-41.0667,145.9167,290.07,74,100,5.44,AU,1681952302
516,vila velha,-20.3297,-40.2925,299.12,87,0,5.14,BR,1681952223
517,kayasula,44.325,45.0,279.77,76,56,3.1,RU,1681952302
518,nome,64.5011,-165.4064,271.02,51,0,1.54,US,1681952148
519,challapata,-18.9,-66.7667,282.88,18,3,2.11,BO,1681952303
520,san andres,12.5847,-81.7006,301.16,69,20,4.12,CO,1681952303
521,sydney,-33.8679,151.2073,292.16,87,75,7.72,AU,1681951501
522,itarema,-2.9248,-39.9167,297.88,90,100,2.66,BR,1681952135
523,cap malheureux,-19.9842,57.6142,298.97,78,12,2.68,MU,1681952303
524,aktash,50.3,87.7333,257.73,92,97,0.84,RU,1681952303
525,zhezkazgan,47.8043,67.7144,278.03,57,15,1.75,KZ,1681952303
526,mananjary,-21.2167,48.3333,295.21,93,35,2.42,MG,1681952303
527,ucluelet,48.9329,-125.5528,281.53,83,54,0.45,CA,1681952303
528,flinders,-34.5833,150.8552,291.07,87,100,4.09,AU,1681952303
529,sitka,57.0531,-135.33,285.09,40,75,5.14,US,1681952304
530,belyy yar,53.6039,91.3903,269.09,58,0,6.0,RU,1681952304
531,cumberland,35.0502,-78.8664,298.37,38,0,2.57,US,1681952304
532,gamboma,-1.8764,15.8644,297.96,75,91,0.31,CG,1681952304
533,jinji,23.2281,110.8261,298.44,82,79,1.93,CN,1681952304
534,talcahuano,-36.7167,-73.1167,287.97,88,0,1.54,CL,1681952304
535,felanitx,39.4696,3.1483,285.35,79,100,1.21,ES,1681952304
536,shimoda,34.6667,138.95,295.43,81,100,2.15,JP,1681952304
537,yeniseysk,58.4497,92.1703,266.05,84,99,1.47,RU,1681952304
538,tazovskiy,67.4667,78.7,260.38,97,93,2.13,RU,1681952304
539,lingao,19.9103,109.6859,302.02,75,4,0.76,CN,1681952305
540,vestmanna,62.1564,-7.1664,278.66,70,4,0.0,FO,1681952305
541,belaya gora,68.5333,146.4167,262.17,87,100,3.14,RU,1681952305
542,paranaiba,-19.6772,-51.1908,291.9,78,100,2.89,BR,1681952305
543,moses lake,47.1301,-119.2781,286.35,30,75,8.23,US,1681952305
544,butembo,0.15,29.2833,288.05,88,100,1.76,CD,1681952305
545,kapiri mposhi,-13.9652,28.6809,287.85,98,15,2.3,ZM,1681952305
546,severnyy,50.677,36.5532,280.17,81,75,4.02,RU,1681952305
547,akdagmadeni,39.6603,35.8836,281.29,86,49,2.26,TR,1681952305
548,pemangkat,1.1667,108.9667,301.0,75,94,1.7,ID,1681952305
549,mareeba,-17.0,145.4333,300.55,72,100,2.66,AU,1681952306
550,chapais,49.7834,-74.8492,269.03,87,100,3.09,CA,1681952306
551,mongoumba,3.6415,18.5936,296.01,84,100,0.6,CF,1681952306
552,sistranda,63.7256,8.834,275.13,67,25,2.18,NO,1681952306
553,santa rosa,14.3122,121.1114,305.43,74,8,2.06,PH,1681952306
554,sibolga,1.7427,98.7792,298.96,90,100,0.95,ID,1681952306
555,kerman,30.2832,57.0788,283.07,37,0,0.0,IR,1681951806
556,bandar-e lengeh,26.5579,54.8807,296.21,88,100,2.06,IR,1681952306
557,kruisfontein,-34.0033,24.7314,290.46,64,100,2.24,ZA,1681952306
558,delijan,33.9905,50.6838,290.38,27,2,1.57,IR,1681952306
559,gold coast,-28.0,153.4333,300.51,68,95,7.2,AU,1681952306
560,stephenville,32.2207,-98.2023,299.59,61,40,8.23,US,1681952199
561,lasa,46.6166,10.7002,282.42,93,100,0.82,IT,1681952307
562,killybegs,54.6333,-8.45,281.44,70,21,6.69,IE,1681952307
563,anda,46.4,125.3167,279.97,11,0,14.43,CN,1681952307
